"UIC","Wifi"
"784231","false"
"484006","true"
"741645","false"
"381848","true"
"543090","false"
"444539","false"
"381491","false"
"592311","false"
"613398","false"
"753657","false"
"317016","false"
"276485","false"
"581009","true"
"214775","false"
"684407","false"
"775346","false"
"478065","false"
"342071","false"
"726414","false"
"386730","false"
"271304","true"
"545467","true"
"276543","false"
"562421","false"
"286146","false"
"683607","false"
"281428","false"
"611764","false"
"613075","false"
"411264","false"
"342592","false"
"683573","false"
"111864","false"
"611533","false"
"590349","false"
"616011","false"
"286872","false"
"683789","false"
"576439","false"
"721357","false"
"473165","false"
"481770","false"
"476408","false"
"781609","false"
"592188","false"
"673004","true"
"672774","false"
"783563","false"
"582759","false"
"345140","false"
"214296","false"
"141424","false"
"212308","false"
"673400","true"
"393546","false"
"723544","false"
"393363","false"
"694612","false"
"574004","true"
"684118","false"
"641266","false"
"741793","true"
"611095","false"
"576207","true"
"182659","false"
"276451","false"
"594762","false"
"473827","false"
"545194","true"
"287235","false"
"381624","false"
"694166","false"
"394452","false"
"756395","false"
"755371","false"
"615229","false"
"172353","false"
"615625","false"
"473546","false"
"471037","false"
"444000","true"
"725721","false"
"313395","false"
"743120","false"
"473199","false"
"594663","false"
"582734","false"
"478123","false"
"784785","false"
"386573","true"
"615146","false"
"741470","false"
"734087","false"
"317115","false"
"725804","false"
"586404","false"
"734459","false"
"281410","false"
"673699","false"
"394247","false"
"300863","true"
"213611","false"
"718015","false"
"381152","false"
"381079","true"
"713073","false"
"343160","false"
"193821","false"
"726471","false"
"757690","false"
"300822","true"
"486142","false"
"581850","false"
"765198","false"
"641068","false"
"295808","false"
"313510","false"
"193250","false"
"175133","false"
"753228","false"
"381046","true"
"783647","false"
"144147","false"
"184200","false"
"295725","false"
"448514","false"
"611384","false"
"141416","false"
"613604","false"
"342584","false"
"783340","false"
"342543","false"
"345520","false"
"581736","false"
"613000","false"
"281139","false"
"751776","false"
"131961","false"
"682138","false"
"723429","false"
"171322","false"
"394270","false"
"476242","false"
"722728","false"
"448084","false"
"592063","false"
"734269","false"
"381137","true"
"543058","false"
"396549","false"
"545657","false"
"613224","false"
"342014","true"
"672162","false"
"476200","true"
"726760","false"
"286864","false"
"784801","false"
"784876","false"
"415893","false"
"281279","false"
"545731","false"
"345389","false"
"142224","false"
"545178","false"
"393603","false"
"615054","false"
"613356","false"
"174003","false"
"581538","false"
"381905","true"
"583690","false"
"682161","false"
"113878","false"
"757567","false"
"715102","false"
"172262","false"
"296566","false"
"743716","false"
"671479","false"
"313874","true"
"278259","false"
"295055","false"
"721530","false"
"696302","false"
"276113","false"
"775221","false"
"486332","false"
"396275","false"
"783530","false"
"775171","false"
"486308","false"
"481564","false"
"481754","true"
"338525","false"
"159947","false"
"595595","false"
"191619","false"
"487843","false"
"381558","false"
"491035","false"
"696294","false"
"723536","false"
"746313","false"
"342337","false"
"478024","false"
"212191","false"
"726430","false"
"751701","false"
"575365","false"
"486571","false"
"471052","false"
"683318","false"
"476762","false"
"726208","false"
"366922","false"
"726901","false"
"576405","false"
"297531","false"
"276170","false"
"485490","false"
"673723","false"
"694364","false"
"756346","false"
"713651","false"
"276402","false"
"491357","false"
"713834","false"
"682294","false"
"478107","true"
"393454","false"
"584615","false"
"276261","false"
"182881","false"
"590828","false"
"592493","false"
"141598","false"
"286625","false"
"444562","false"
"144097","false"
"393595","false"
"746735","false"
"611350","false"
"574327","false"
"576090","false"
"576009","true"
"271437","true"
"182550","false"
"734426","false"
"276568","false"
"773432","false"
"696351","false"
"574434","false"
"611863","false"
"343004","true"
"212118","false"
"576215","false"
"722264","false"
"447284","false"
"592451","false"
"696310","false"
"447698","false"
"756361","false"
"444398","false"
"743328","false"
"775197","false"
"683631","false"
"756890","false"
"784611","false"
"448159","false"
"745646","false"
"322347","false"
"487009","false"
"116210","false"
"286740","false"
"191130","false"
"484147","false"
"755009","true"
"313353","false"
"594093","false"
"473116","false"
"413385","false"
"543371","false"
"141010","false"
"672600","false"
"543124","false"
"382432","false"
"481689","false"
"271171","true"
"681452","false"
"471094","false"
"182642","false"
"271023","true"
"384008","true"
"547000","true"
"354589","false"
"686667","true"
"734293","false"
"113001","true"
"753707","false"
"337378","false"
"721480","false"
"144030","false"
"142125","false"
"713008","false"
"575191","false"
"141812","false"
"191320","false"
"694695","false"
"718429","false"
"116772","true"
"696831","false"
"271593","false"
"615120","false"
"755355","false"
"613802","false"
"296152","false"
"382200","false"
"481804","false"
"594119","false"
"116277","false"
"313742","false"
"592881","false"
"684241","false"
"212266","false"
"296871","false"
"316752","false"
"181040","false"
"342527","false"
"756387","false"
"721753","false"
"393173","false"
"721415","false"
"546317","false"
"393637","false"
"575142","true"
"611376","false"
"142000","false"
"721761","false"
"574301","false"
"682146","true"
"396895","false"
"394288","false"
"672139","false"
"296178","false"
"784256","false"
"478057","false"
"696617","false"
"481440","false"
"387159","false"
"387001","true"
"175141","false"
"345496","false"
"276584","false"
"193805","false"
"413732","false"
"545145","false"
"214148","false"
"175794","false"
"784207","false"
"141119","false"
"540179","false"
"212357","false"
"281469","false"
"594168","false"
"281006","true"
"444547","false"
"171512","false"
"141200","false"
"393488","false"
"594325","false"
"775791","false"
"576876","false"
"393058","true"
"172007","true"
"576298","false"
"592105","false"
"683128","false"
"575225","false"
"590372","false"
"683615","false"
"481051","false"
"381194","false"
"784769","false"
"726737","false"
"582403","false"
"286641","false"
"722702","false"
"354597","false"
"212332","false"
"295048","false"
"694638","false"
"715136","false"
"746248","false"
"681379","true"
"276246","false"
"281246","false"
"142265","false"
"757724","false"
"576025","false"
"386052","false"
"485193","false"
"313098","false"
"741256","false"
"586693","false"
"545269","false"
"462085","false"
"751230","false"
"694398","false"
"381228","false"
"317495","false"
"485110","false"
"715326","false"
"741231","false"
"721829","false"
"784819","false"
"113894","false"
"696229","false"
"342204","false"
"473876","false"
"592360","false"
"313833","false"
"172098","false"
"141036","false"
"381897","true"
"345132","false"
"281402","false"
"594382","false"
"571448","false"
"171769","false"
"615203","false"
"144386","false"
"313056","false"
"696146","false"
"713321","false"
"721225","false"
"184556","false"
"491134","false"
"381129","true"
"184259","false"
"184622","false"
"571687","false"
"746370","false"
"491449","false"
"394494","false"
"725713","false"
"342063","false"
"723502","false"
"683649","false"
"313544","false"
"584516","false"
"613232","false"
"718312","false"
"297143","false"
"317081","false"
"753491","false"
"287185","false"
"214551","false"
"142497","false"
"396226","false"
"271874","false"
"741074","false"
"696427","false"
"214338","false"
"214536","false"
"484113","false"
"476770","false"
"684233","false"
"144436","false"
"478040","false"
"478164","false"
"761841","false"
"381566","false"
"775130","false"
"393348","false"
"732404","false"
"313262","false"
"718577","false"
"684290","false"
"116046","true"
"697300","false"
"276022","true"
"386763","false"
"276055","true"
"611707","false"
"615211","false"
"287276","false"
"272096","false"
"116327","false"
"721563","false"
"144642","false"
"484154","false"
"682427","false"
"775379","false"
"756858","false"
"718536","false"
"611046","false"
"611616","false"
"317537","false"
"681353","false"
"276139","true"
"491282","false"
"641076","false"
"116178","false"
"715151","false"
"783241","false"
"584508","false"
"286161","false"
"271015","true"
"213108","false"
"484329","false"
"214692","false"
"673251","false"
"487603","false"
"723700","false"
"753558","false"
"214205","false"
"725671","false"
"444695","false"
"746438","false"
"431791","false"
"411017","true"
"191734","false"
"396259","false"
"295709","false"
"413740","false"
"654798","false"
"672766","false"
"474635","false"
"271494","true"
"213249","false"
"171595","false"
"726331","false"
"681338","false"
"212407","false"
"193623","false"
"571455","false"
"753251","false"
"613422","false"
"686030","true"
"271486","true"
"694687","false"
"116699","false"
"581710","false"
"276774","false"
"722207","false"
"784868","false"
"712604","false"
"295667","false"
"214742","false"
"576322","false"
"571539","false"
"574897","false"
"751826","false"
"595249","false"
"694851","false"
"718296","false"
"611301","false"
"411462","false"
"352047","false"
"391003","true"
"753285","false"
"342550","false"
"597724","false"
"618116","false"
"286278","false"
"672337","false"
"611830","false"
"316679","false"
"747279","false"
"276329","false"
"611509","false"
"476671","false"
"313130","false"
"444620","false"
"144204","false"
"215079","false"
"672279","false"
"595223","false"
"381269","false"
"271429","true"
"212365","false"
"784702","false"
"545517","false"
"271817","false"
"751438","false"
"763722","false"
"471532","false"
"683003","false"
"575134","false"
"393306","true"
"116616","false"
"571885","false"
"713859","false"
"193664","false"
"597062","false"
"474213","false"
"753418","false"
"696450","false"
"481069","false"
"113472","true"
"396333","false"
"481762","false"
"382366","true"
"175240","false"
"641399","false"
"481424","false"
"345223","false"
"396002","true"
"345025","true"
"734707","false"
"734160","false"
"681395","true"
"594796","false"
"481788","false"
"757542","false"
"673095","false"
"726828","false"
"783548","false"
"746883","false"
"594416","false"
"485508","false"
"116319","false"
"715144","false"
"592337","false"
"615526","false"
"751719","false"
"474262","false"
"478156","false"
"394403","false"
"487876","false"
"746826","false"
"691600","false"
"386300","false"
"751602","false"
"287102","false"
"491274","false"
"715383","false"
"481416","false"
"682476","false"
"753541","false"
"576082","false"
"286427","false"
"382218","true"
"313239","false"
"296632","false"
"386664","false"
"734178","false"
"741496","false"
"297515","false"
"317305","false"
"746818","false"
"611574","false"
"492108","false"
"746768","false"
"781559","false"
"386409","true"
"144220","false"
"491472","false"
"747535","false"
"673665","false"
"734202","false"
"393462","false"
"491142","false"
"144089","false"
"481622","false"
"721860","false"
"584243","false"
"396556","false"
"611855","false"
"474239","false"
"295642","false"
"611939","false"
"444638","false"
"783761","false"
"473850","false"
"590299","false"
"191353","false"
"313494","false"
"545129","false"
"590331","false"
"181024","false"
"286062","false"
"297523","false"
"192724","false"
"682435","false"
"345256","false"
"718130","false"
"172544","false"
"751404","false"
"741769","false"
"615195","false"
"185629","false"
"113795","true"
"393884","false"
"615013","false"
"491258","false"
"681825","true"
"271734","false"
"734186","false"
"672006","true"
"746842","false"
"116517","false"
"175091","false"
"751743","false"
"641290","false"
"386003","true"
"753574","false"
"486423","false"
"726703","false"
"592808","false"
"546291","false"
"192229","false"
"193631","false"
"721605","false"
"276188","false"
"342451","false"
"286401","false"
"718502","false"
"575035","false"
"571547","false"
"317099","false"
"726885","false"
"478032","false"
"191718","false"
"581231","false"
"141291","false"
"595132","false"
"481002","true"
"144105","false"
"171272","false"
"988709","false"
"144626","false"
"144451","false"
"473058","false"
"615260","false"
"757732","false"
"171009","true"
"586495","false"
"545236","true"
"212159","false"
"396317","false"
"342253","false"
"386417","true"
"611368","false"
"212225","false"
"286518","false"
"164780","false"
"684217","false"
"584201","false"
"741306","false"
"723734","false"
"141374","false"
"594622","false"
"594333","false"
"471318","false"
"574129","false"
"775239","false"
"756866","false"
"584193","false"
"446179","false"
"586479","false"
"597054","false"
"342295","false"
"175000","false"
"382358","true"
"393223","true"
"682443","false"
"174276","false"
"316208","false"
"144121","false"
"575290","false"
"181065","false"
"343301","false"
"214676","false"
"747287","false"
"734723","false"
"757641","false"
"171314","false"
"381574","false"
"741611","false"
"172031","false"
"545301","true"
"213785","false"
"476432","false"
"545244","false"
"683243","false"
"755264","false"
"271478","false"
"747220","false"
"212464","false"
"271395","false"
"595751","false"
"694000","false"
"775825","false"
"592543","false"
"615476","false"
"763557","false"
"683268","false"
"276204","false"
"761650","false"
"141127","false"
"713826","false"
"113704","true"
"313460","false"
"761817","false"
"214320","false"
"543165","false"
"491803","false"
"726000","true"
"545210","false"
"595777","false"
"543116","false"
"287193","false"
"784850","false"
"444604","false"
"584102","false"
"171751","false"
"396234","false"
"683722","false"
"213421","false"
"743336","false"
"725614","false"
"271445","true"
"581371","false"
"751800","false"
"746719","false"
"713677","false"
"584540","false"
"491241","false"
"723494","false"
"613257","false"
"545509","false"
"726307","false"
"753202","false"
"743633","false"
"773465","false"
"193318","false"
"182139","false"
"723742","false"
"671495","false"
"584730","false"
"582825","false"
"718197","false"
"447003","false"
"001479","true"
"271460","false"
"193789","false"
"481036","false"
"597039","false"
"734749","false"
"746511","false"
"471359","false"
"471003","true"
"726802","false"
"214759","false"
"576868","false"
"215459","false"
"215012","false"
"214056","false"
"595827","false"
"753715","false"
"753764","false"
"172254","false"
"784777","false"
"592071","false"
"174441","false"
"745430","false"
"478016","false"
"144477","false"
"595264","false"
"683227","false"
"715417","false"
"144683","false"
"547315","true"
"411413","false"
"582692","false"
"487892","false"
"611103","false"
"146217","false"
"381657","false"
"313759","false"
"342048","false"
"545459","false"
"437798","false"
"478099","false"
"396093","false"
"755314","false"
"396325","false"
"484337","false"
"592378","false"
"487884","false"
"396366","false"
"721548","false"
"756767","false"
"582882","false"
"611434","false"
"582551","false"
"473264","false"
"613471","false"
"722405","false"
"181131","false"
"755397","false"
"381244","false"
"613059","false"
"191106","false"
"394429","false"
"411256","false"
"116665","false"
"775064","false"
"386425","true"
"725689","false"
"382812","false"
"718510","false"
"476689","false"
"345306","false"
"595322","false"
"746867","false"
"317164","false"
"141143","false"
"323675","false"
"171355","false"
"583674","false"
"194209","false"
"765412","false"
"741728","true"
"682278","false"
"696328","true"
"174409","false"
"116244","false"
"192286","false"
"474338","true"
"116285","false"
"171298","false"
"715441","false"
"751008","true"
"723767","false"
"144295","false"
"595207","false"
"383281","false"
"784629","false"
"471227","false"
"584466","false"
"381723","false"
"396580","false"
"534347","false"
"185595","false"
"725705","true"
"721159","false"
"214650","false"
"485540","false"
"721423","false"
"141481","false"
"394015","false"
"185249","false"
"747691","false"
"313064","false"
"574194","false"
"723585","false"
"611814","false"
"681411","false"
"694158","false"
"393108","true"
"742007","false"
"783605","false"
"611244","false"
"672113","false"
"683557","false"
"287128","false"
"184523","false"
"612010","false"
"597674","false"
"571406","false"
"743591","false"
"611889","false"
"681346","false"
"393447","false"
"718361","false"
"116566","false"
"386318","true"
"313379","false"
"175067","false"
"386540","false"
"113746","true"
"118190","false"
"381731","false"
"141002","true"
"615732","false"
"313122","false"
"411447","false"
"592006","true"
"276527","false"
"116632","false"
"286112","false"
"382457","true"
"141069","false"
"271775","false"
"276253","false"
"543157","false"
"481598","false"
"694737","false"
"276287","false"
"641464","false"
"213660","false"
"696195","false"
"635581","false"
"215491","false"
"212324","false"
"755611","false"
"781088","false"
"144329","false"
"746776","false"
"175711","false"
"723718","false"
"592048","false"
"473587","false"
"295790","false"
"722678","false"
"726711","false"
"755405","false"
"444323","false"
"783308","false"
"316687","false"
"295220","false"
"478743","false"
"595744","false"
"413013","true"
"182329","false"
"214627","false"
"281899","true"
"394437","false"
"345157","false"
"476259","false"
"755629","false"
"316059","false"
"213686","false"
"193383","false"
"313338","false"
"116012","false"
"182386","false"
"393645","false"
"281311","false"
"582619","false"
"313734","false"
"611673","false"
"473207","true"
"276360","true"
"271551","false"
"681247","false"
"681627","false"
"484139","false"
"295857","false"
"193813","false"
"343210","false"
"722298","false"
"765453","false"
"353573","false"
"394171","false"
"613323","false"
"731828","false"
"612002","false"
"381202","false"
"393256","true"
"723577","false"
"113886","false"
"471144","false"
"673293","false"
"734228","false"
"781583","false"
"645135","false"
"611459","false"
"474270","false"
"721431","false"
"734350","false"
"753731","false"
"142091","false"
"286575","false"
"581397","false"
"726232","false"
"478081","false"
"396036","false"
"485474","false"
"691394","false"
"474221","false"
"775247","false"
"394254","false"
"584755","false"
"276212","false"
"182543","false"
"575845","false"
"641050","false"
"282624","false"
"696534","false"
"215160","false"
"141150","false"
"276576","false"
"594671","false"
"611236","false"
"751321","false"
"400986","false"
"271510","false"
"271783","false"
"747576","false"
"751644","false"
"413310","false"
"313718","false"
"545202","true"
"491209","false"
"743112","false"
"276600","false"
"276105","false"
"481705","true"
"271247","true"
"439554","false"
"741504","false"
"143024","false"
"396077","false"
"741140","false"
"681312","false"
"342535","false"
"396358","false"
"471508","false"
"545707","false"
"746479","false"
"775361","false"
"721340","false"
"313270","false"
"486563","false"
"611624","false"
"611137","false"
"726851","false"
"728501","false"
"611657","false"
"337980","false"
"743740","false"
"741223","false"
"671362","false"
"476440","false"
"313288","false"
"212027","true"
"571810","false"
"723353","false"
"761494","false"
"382374","false"
"673277","false"
"313684","false"
"447714","false"
"783431","false"
"721043","false"
"491043","false"
"181057","false"
"671008","true"
"615674","false"
"382861","true"
"723320","false"
"682468","false"
"118257","false"
"415604","false"
"382267","false"
"683664","false"
"296129","false"
"712331","false"
"732008","true"
"393835","true"
"761759","false"
"415877","false"
"381236","false"
"116293","false"
"584474","false"
"276626","false"
"673624","false"
"116491","false"
"594200","false"
"543199","false"
"393587","false"
"713099","false"
"342287","false"
"586651","false"
"481143","false"
"682252","false"
"725622","false"
"193342","false"
"756882","false"
"317123","false"
"172221","false"
"213470","false"
"182618","false"
"182196","false"
"213405","false"
"193656","false"
"182360","false"
"193649","false"
"671487","false"
"481457","false"
"381863","false"
"214213","false"
"491266","false"
"681635","false"
"286716","false"
"765180","false"
"476234","false"
"718437","false"
"473223","false"
"586412","false"
"594424","false"
"417501","false"
"296012","false"
"316398","false"
"317107","false"
"141473","false"
"295568","false"
"473801","false"
"747006","true"
"413302","false"
"613141","false"
"597609","false"
"172106","false"
"694109","true"
"565143","false"
"109306","false"
"345041","false"
"574335","false"
"734442","false"
"696211","false"
"111278","false"
"276410","false"
"393165","false"
"586107","false"
"745380","false"
"571794","false"
"487314","false"
"582767","false"
"576199","false"
"345124","false"
"141523","false"
"393041","true"
"474320","false"
"474056","false"
"473082","false"
"471391","false"
"447185","false"
"473520","false"
"473090","false"
"387175","false"
"583468","false"
"734038","false"
"583849","false"
"415885","false"
"116038","false"
"182337","false"
"485532","false"
"116269","false"
"747402","false"
"164798","true"
"113779","false"
"476267","false"
"641373","false"
"386680","false"
"276238","false"
"286849","false"
"613489","false"
"193797","false"
"759290","false"
"476424","false"
"764308","false"
"595009","false"
"286500","false"
"751362","false"
"592170","false"
"756791","false"
"581751","false"
"342089","false"
"734053","false"
"276352","false"
"784173","false"
"276766","false"
"175018","false"
"172080","false"
"747246","false"
"191635","false"
"411223","false"
"751206","false"
"722546","false"
"171637","false"
"212431","false"
"272039","false"
"773200","true"
"571513","false"
"715219","false"
"485003","true"
"486019","true"
"723395","false"
"641191","false"
"611129","false"
"212316","false"
"582643","false"
"172072","false"
"718601","false"
"543017","true"
"755447","true"
"144303","false"
"592733","false"
"584441","false"
"313585","false"
"191163","false"
"338517","false"
"193672","false"
"213413","false"
"191692","false"
"214510","false"
"381889","false"
"317222","false"
"295063","false"
"215103","false"
"784561","false"
"594085","false"
"393033","true"
"444406","false"
"641217","false"
"577403","false"
"471334","false"
"393074","false"
"345397","false"
"342261","false"
"213223","false"
"191114","false"
"286096","false"
"286302","false"
"474296","false"
"182089","false"
"313114","false"
"191239","false"
"677005","true"
"481697","false"
"757666","false"
"214114","false"
"191346","false"
"295014","false"
"191312","false"
"673632","false"
"784710","false"
"272013","false"
"394155","false"
"741439","false"
"734699","false"
"775866","false"
"718544","false"
"574251","false"
"387142","false"
"571802","false"
"751271","false"
"645150","false"
"592147","false"
"592501","false"
"756874","false"
"751784","false"
"595215","false"
"597740","false"
"671123","false"
"641043","false"
"473553","false"
"393298","false"
"757575","false"
"784512","false"
"734319","false"
"763755","false"
"741777","false"
"393280","false"
"713115","false"
"677104","false"
"272146","false"
"721704","false"
"595736","false"
"478263","false"
"393629","false"
"682526","false"
"473835","false"
"683136","false"
"444349","false"
"747519","false"
"481846","false"
"618058","false"
"718189","false"
"586438","false"
"592428","false"
"393421","false"
"141556","false"
"271007","true"
"485524","false"
"581256","false"
"755389","false"
"113209","false"
"784637","false"
"485359","false"
"317487","false"
"575076","false"
"594754","false"
"582718","false"
"116160","true"
"171629","false"
"113217","true"
"213165","false"
"718411","false"
"192427","false"
"411207","false"
"574368","false"
"286609","false"
"594630","false"
"734194","false"
"296145","false"
"713669","false"
"175828","false"
"672253","false"
"144345","false"
"141622","false"
"481218","false"
"781062","false"
"141564","false"
"485268","false"
"343418","false"
"755363","false"
"144428","false"
"382382","true"
"546192","false"
"393322","false"
"345207","false"
"415661","false"
"611400","false"
"753459","false"
"478750","false"
"641316","false"
"276154","false"
"734103","false"
"381186","false"
"713594","false"
"734152","false"
"618710","false"
"214684","false"
"784835","false"
"345215","false"
"696260","false"
"491001","false"
"784157","false"
"417444","false"
"613042","false"
"343319","false"
"313403","false"
"476317","false"
"213462","false"
"476457","false"
"192237","false"
"753426","false"
"172270","false"
"611954","false"
"615351","false"
"212373","false"
"485144","false"
"474155","false"
"287300","false"
"286534","false"
"214726","false"
"583203","false"
"317404","false"
"722652","false"
"592097","false"
"672741","false"
"775072","false"
"476648","false"
"547026","true"
"393504","false"
"595504","false"
"686006","true"
"113852","false"
"381012","false"
"411272","false"
"276469","true"
"745620","false"
"313106","false"
"765206","false"
"741454","false"
"415125","false"
"343103","false"
"295543","false"
"345405","false"
"755330","false"
"182600","false"
"473009","false"
"345314","false"
"721464","false"
"697326","false"
"271163","true"
"141820","false"
"286831","false"
"172171","false"
"474411","false"
"715003","false"
"141788","false"
"491100","false"
"682187","false"
"783365","false"
"381509","false"
"723197","true"
"381590","false"
"684415","false"
"213603","false"
"281873","true"
"611871","false"
"485060","false"
"485334","false"
"611087","false"
"746347","false"
"576132","false"
"586545","false"
"342188","false"
"295006","false"
"485250","false"
"645168","false"
"116103","true"
"747592","false"
"271528","false"
"725838","false"
"342030","false"
"144212","false"
"214577","false"
"444208","false"
"753004","false"
"723528","false"
"784546","false"
"672709","false"
"743351","false"
"182634","false"
"673319","false"
"396374","false"
"784736","false"
"534339","false"
"381020","false"
"684126","false"
"182055","false"
"547307","true"
"141507","false"
"756353","false"
"595298","false"
"214585","false"
"592725","false"
"611806","false"
"381210","false"
"682401","false"
"682153","true"
"615310","false"
"761239","false"
"212274","false"
"476275","false"
"342238","false"
"615161","false"
"741694","false"
"592410","false"
"286815","false"
"444570","false"
"471540","false"
"172023","false"
"756056","true"
"317396","false"
"781179","false"
"775007","true"
"381830","false"
"393082","false"
"611525","false"
"192039","true"
"192070","false"
"147322","true"
"182816","false"
"345272","false"
"276675","false"
"713701","false"
"784793","false"
"586453","false"
"116400","false"
"574855","false"
"396044","false"
"682302","false"
"411801","false"
"723569","false"
"765818","false"
"182592","false"
"765420","false"
"182733","false"
"411280","false"
"484170","false"
"718833","false"
"715433","false"
"673103","false"
"212456","false"
"411439","false"
"391300","false"
"345033","false"
"611178","false"
"142109","true"
"712620","false"
"313049","false"
"476002","true"
"116301","false"
"594481","false"
"761783","false"
"782607","false"
"381459","true"
"144196","false"
"402297","false"
"681007","false"
"473579","false"
"641415","false"
"381087","true"
"175257","false"
"182014","true"
"574848","false"
"175737","false"
"116574","false"
"545285","true"
"141382","false"
"741116","false"
"175117","false"
"342220","false"
"411819","false"
"783290","false"
"595165","false"
"396606","false"
"574665","false"
"116111","false"
"696856","false"
"144071","false"
"481648","false"
"545756","false"
"484246","false"
"313478","false"
"276345","false"
"212183","false"
"613174","false"
"141648","false"
"172064","false"
"343459","false"
"721738","false"
"710731","false"
"286435","false"
"172239","false"
"396564","false"
"171553","false"
"481721","false"
"478073","false"
"393579","true"
"111849","true"
"313726","false"
"615419","false"
"481150","false"
"595728","false"
"382465","false"
"342121","false"
"287169","false"
"345546","false"
"765479","false"
"287250","false"
"184572","false"
"415141","false"
"276303","false"
"598755","false"
"194274","false"
"595553","false"
"575274","false"
"444265","true"
"762906","true"
"988717","false"
"718239","false"
"734368","false"
"295535","false"
"343475","false"
"491290","false"
"486258","false"
"597096","false"
"773408","false"
"381715","false"
"116228","false"
"582445","false"
"313445","false"
"394130","false"
"575068","false"
"191627","false"
"581215","false"
"713065","false"
"681486","false"
"713156","false"
"172213","false"
"713529","false"
"775353","false"
"215632","false"
"765107","false"
"393892","false"
"381160","false"
"276089","true"
"411454","false"
"682104","false"
"764001","true"
"296418","false"
"566919","false"
"444083","false"
"444588","false"
"721522","false"
"645192","false"
"144048","false"
"582601","false"
"580340","false"
"276667","false"
"471367","false"
"576116","false"
"781294","false"
"597625","false"
"753509","false"
"182725","false"
"734871","false"
"756486","false"
"334482","false"
"756254","false"
"595272","false"
"559070","false"
"574699","false"
"597070","false"
"393876","false"
"595512","false"
"214288","false"
"485300","true"
"594135","false"
"575704","false"
"756403","false"
"481465","false"
"471185","false"
"751370","false"
"212142","false"
"684001","false"
"775098","false"
"172155","false"
"471086","false"
"481713","false"
"694620","false"
"684100","false"
"671016","false"
"741181","false"
"694307","false"
"611848","false"
"382879","false"
"171256","false"
"116137","false"
"683672","false"
"313817","false"
"272195","false"
"673673","false"
"597104","false"
"171728","false"
"576157","false"
"581181","false"
"172189","false"
"757591","false"
"545186","false"
"393470","false"
"317339","false"
"481366","false"
"641365","false"
"141796","false"
"781666","false"
"411249","false"
"576280","false"
"755231","false"
"486431","false"
"734129","false"
"317362","false"
"713636","false"
"781278","true"
"615757","false"
"684191","false"
"394411","false"
"118299","false"
"182840","false"
"681437","false"
"141408","false"
"726869","false"
"571604","false"
"755223","false"
"543207","true"
"271411","false"
"295600","false"
"437806","false"
"718551","false"
"295733","false"
"313296","false"
"313767","false"
"171579","false"
"694570","false"
"342402","false"
"342279","false"
"718007","true"
"784892","false"
"276642","false"
"393116","false"
"781005","true"
"317057","false"
"615328","false"
"295022","false"
"182402","false"
"474098","true"
"718338","false"
"721050","false"
"471300","false"
"484386","false"
"611392","false"
"391532","false"
"297283","false"
"691469","false"
"574558","false"
"775817","false"
"584714","false"
"594606","false"
"594739","false"
"215699","false"
"718114","false"
"381806","false"
"381822","false"
"485151","false"
"141432","false"
"342303","false"
"486894","false"
"595579","false"
"141044","false"
"444372","true"
"784884","false"
"171264","false"
"763029","true"
"745414","false"
"775106","false"
"214635","false"
"576348","false"
"594499","false"
"396598","false"
"193771","false"
"182584","false"
"317511","false"
"141549","false"
"286419","false"
"192088","false"
"191304","false"
"673616","false"
"784686","false"
"595892","false"
"756304","false"
"576884","false"
"683102","false"
"615492","false"
"545277","false"
"181289","false"
"681619","false"
"381426","false"
"393843","false"
"757526","true"
"582833","false"
"571240","true"
"478768","false"
"474569","false"
"571554","false"
"296004","false"
"394148","false"
"694174","false"
"761130","false"
"594408","false"
"765438","false"
"313882","true"
"313080","false"
"474312","false"
"485227","false"
"721514","false"
"182568","false"
"276220","true"
"393413","false"
"313593","false"
"683219","false"
"713339","false"
"276378","false"
"618215","false"
"271452","false"
"144063","false"
"342576","false"
"713511","false"
"413336","false"
"281436","false"
"613661","false"
"191098","false"
"286229","false"
"345595","false"
"478560","false"
"144279","false"
"725820","false"
"393157","true"
"763300","false"
"296608","false"
"755421","false"
"175778","false"
"745828","false"
"751636","false"
"723791","false"
"444315","false"
"411470","false"
"182105","false"
"491811","false"
"713628","false"
"576272","false"
"784520","false"
"212126","false"
"571851","false"
"481176","false"
"413344","false"
"444042","false"
"481242","false"
"545491","false"
"543181","false"
"611822","false"
"486324","false"
"345108","false"
"474007","true"
"182576","false"
"141135","false"
"745596","false"
"682518","false"
"645184","false"
"144188","false"
"382440","false"
"481200","false"
"491019","false"
"113407","true"
"382002","false"
"485342","false"
"276550","false"
"745000","true"
"673285","false"
"215335","false"
"743526","false"
"342006","false"
"592352","false"
"691949","false"
"783324","false"
"784298","false"
"571638","false"
"286179","false"
"783266","false"
"381038","false"
"773457","false"
"192658","false"
"765008","false"
"171561","false"
"317198","false"
"171462","false"
"191601","false"
"582700","false"
"775023","false"
"574160","false"
"713545","false"
"696468","false"
"574152","false"
"214247","false"
"208553","false"
"696492","false"
"615039","false"
"345587","false"
"581595","false"
"763250","false"
"491233","false"
"194357","false"
"718841","false"
"396572","false"
"191684","false"
"281121","false"
"444059","false"
"415158","false"
"611749","false"
"485102","false"
"394205","false"
"743146","false"
"726406","false"
"171744","false"
"721035","false"
"582668","false"
"574343","false"
"746115","false"
"313072","false"
"473561","false"
"317263","false"
"765735","false"
"613109","false"
"611061","false"
"671156","false"
"757625","true"
"718122","false"
"592741","false"
"672634","false"
"345439","false"
"763607","false"
"747451","false"
"571471","false"
"345231","false"
"194001","false"
"761262","false"
"546200","false"
"741421","false"
"313221","false"
"316745","false"
"775858","false"
"775833","false"
"481614","false"
"722744","false"
"757559","false"
"586008","true"
"721241","false"
"608802","true"
"281055","false"
"615484","false"
"116640","false"
"182253","false"
"342410","false"
"286781","false"
"584425","false"
"765826","false"
"534131","false"
"741280","false"
"545228","false"
"381418","false"
"575357","false"
"281113","false"
"545137","true"
"694141","false"
"474064","false"
"574491","false"
"393207","false"
"116582","false"
"694778","false"
"113522","false"
"597005","true"
"276311","false"
"444877","true"
"543041","false"
"583443","false"
"746784","false"
"722561","false"
"141085","false"
"775148","false"
"682419","false"
"571463","false"
"722710","false"
"276162","false"
"394007","false"
"734731","false"
"725002","true"
"615468","false"
"611897","false"
"743302","false"
"543033","false"
"141572","false"
"481390","false"
"473066","false"
"713578","false"
"181222","false"
"694646","false"
"743344","false"
"747626","false"
"571836","false"
"287243","false"
"574509","false"
"396309","false"
"286260","false"
"192666","false"
"471326","false"
"276691","true"
"447110","false"
"718270","false"
"272047","false"
"571430","false"
"396218","false"
"316109","false"
"721449","false"
"718213","false"
"444414","false"
"215665","false"
"611681","false"
"315044","false"
"415018","false"
"721506","false"
"316075","false"
"276394","false"
"725895","false"
"214544","false"
"214239","false"
"345165","false"
"271403","true"
"571612","false"
"545475","false"
"576173","false"
"745679","false"
"582478","false"
"641472","false"
"172056","false"
"618207","false"
"773002","true"
"641001","false"
"487637","false"
"184275","false"
"182063","true"
"444190","false"
"575480","false"
"313577","false"
"473512","false"
"313320","false"
"763508","false"
"313700","false"
"734335","false"
"611699","false"
"276618","false"
"726448","false"
"313346","false"
"747329","false"
"574681","false"
"478131","false"
"575175","false"
"394296","false"
"116681","false"
"287292","false"
"212449","false"
"212100","false"
"182394","false"
"287151","false"
"645481","false"
"611038","false"
"142406","false"
"574137","false"
"756494","false"
"696187","false"
"213207","false"
"191338","false"
"296434","false"
"141499","false"
"783001","false"
"313668","false"
"673707","false"
"276279","false"
"671313","false"
"171371","false"
"491159","false"
"393405","false"
"413377","false"
"471201","false"
"574533","false"
"313841","false"
"726729","false"
"214734","false"
"613091","false"
"497461","false"
"175075","false"
"191742","false"
"611772","false"
"722439","false"
"214254","false"
"584235","false"
"765446","false"
"582858","false"
"113860","false"
"271122","false"
"413328","false"
"313387","false"
"193516","false"
"590356","false"
"193359","false"
"276147","false"
"182626","false"
"144006","false"
"784827","false"
"775254","false"
"212241","false"
"214593","false"
"214270","false"
"618082","false"
"481432","false"
"574640","false"
"382341","false"
"592691","false"
"393124","false"
"595769","false"
"394213","false"
"592246","false"
"286195","false"
"182691","false"
"756825","false"
"747493","false"
"476416","false"
"473132","false"
"726786","false"
"345264","false"
"381111","false"
"473538","false"
"761742","false"
"595876","false"
"281105","false"
"576447","false"
"192419","false"
"592667","false"
"721266","false"
"581793","false"
"615005","false"
"583005","true"
"594234","false"
"286856","false"
"481192","false"
"783654","false"
"345280","false"
"317610","false"
"141804","false"
"775809","false"
"182113","false"
"171348","false"
"611723","false"
"581801","false"
"184002","true"
"444067","false"
"743005","true"
"756833","false"
"193177","false"
"487249","false"
"681478","false"
"328328","true"
"276717","false"
"721787","false"
"313809","false"
"342097","false"
"574475","false"
"172049","false"
"682203","false"
"581728","false"
"576306","false"
"594465","false"
"597120","false"
"316604","false"
"191387","false"
"582726","false"
"172122","false"
"597823","false"
"757674","true"
"746008","true"
"672212","false"
"597708","false"
"756320","false"
"415364","false"
"342105","false"
"317321","false"
"296244","false"
"592162","false"
"756460","false"
"447144","false"
"673657","false"
"753566","false"
"615286","true"
"584136","false"
"447243","false"
"473504","false"
"345413","false"
"345561","false"
"171926","true"
"115873","false"
"382655","true"
"484204","false"
"765503","false"
"597112","false"
"576223","false"
"214528","false"
"411173","false"
"641449","false"
"756775","false"
"191379","false"
"214106","false"
"394114","false"
"597153","false"
"763466","false"
"746701","false"
"382333","false"
"721746","false"
"683532","false"
"313551","false"
"471458","false"
"763425","false"
"391565","false"
"296616","false"
"484303","false"
"611921","false"
"313304","false"
"734004","true"
"144287","false"
"393272","false"
"611467","false"
"345116","false"
"696807","false"
"272286","false"
"713081","false"
"481408","false"
"185009","false"
"471029","false"
"781260","false"
"734244","false"
"545483","false"
"415323","false"
"313247","false"
"713644","false"
"712265","false"
"726216","false"
"471102","false"
"313213","false"
"174433","false"
"444380","false"
"764357","false"
"757534","false"
"276444","false"
"317586","false"
"413351","false"
"182709","false"
"746339","false"
"543082","false"
"296269","false"
"387183","false"
"756379","false"
"718460","false"
"297291","false"
"726778","false"
"175042","false"
"491076","false"
"783670","false"
"592485","false"
"141218","false"
"342246","false"
"317230","false"
"313569","false"
"574442","false"
"318964","true"
"981902","true"
"141531","false"
"645002","false"
"474189","false"
"713347","false"
"192401","false"
"345447","false"
"683680","false"
"746859","false"
"545251","false"
"751750","false"
"345421","false"
"734251","false"
"734111","false"
"394486","false"
"317248","false"
"192302","false"
"594747","false"
"584268","false"
"214122","false"
"444299","false"
"345553","false"
"696336","false"
"471045","false"
"471219","false"
"574111","false"
"334490","false"
"592873","false"
"747212","false"
"611665","false"
"781542","false"
"611079","false"
"276063","false"
"382499","true"
"182410","false"
"756478","false"
"491217","false"
"785006","false"
"582841","false"
"594002","true"
"316067","false"
"144154","false"
"757617","false"
"681510","false"
"281071","true"
"694596","false"
"582684","false"
"696088","false"
"491191","false"
"741132","true"
"171702","false"
"319012","true"
"615187","false"
"731885","false"
"182238","false"
"172858","false"
"444711","false"
"595157","false"
"775288","false"
"484048","false"
"212134","false"
"317180","false"
"473074","false"
"682120","true"
"387092","false"
"741009","true"
"545152","false"
"487280","false"
"582742","false"
"723452","false"
"276725","false"
"413716","false"
"303875","false"
"342436","false"
"484360","false"
"393512","false"
"297085","false"
"575217","false"
"481267","false"
"393066","false"
"191700","false"
"715391","false"
"576470","false"
"381871","false"
"590364","false"
"116673","false"
"009696","false"
"757740","false"
"576355","false"
"755306","false"
"582635","false"
"113803","false"
"486449","false"
"382473","false"
"594564","false"
"576181","false"
"756809","false"
"746834","false"
"581314","false"
"471151","false"
"276592","false"
"171736","false"
"673640","false"
"746107","false"
"413708","false"
"673459","false"
"447680","false"
"213058","false"
"313692","false"
"276733","false"
"413203","false"
"471342","false"
"764472","false"
"317529","false"
"481168","false"
"645473","false"
"381095","false"
"594614","false"
"682179","false"
"141093","false"
"313676","false"
"584151","false"
"543140","false"
"611947","false"
"476226","false"
"592634","false"
"473108","false"
"571828","false"
"582775","false"
"575118","false"
"481259","false"
"381798","true"
"328021","false"
"584532","false"
"113845","false"
"746743","false"
"581389","false"
"721555","false"
"471516","false"
"746305","false"
"286187","false"
"583427","false"
"723478","false"
"612028","false"
"592295","false"
"575183","false"
"473124","false"
"334508","false"
"582866","false"
"144162","false"
"611483","false"
"597781","false"
"641274","false"
"757757","false"
"712323","false"
"751529","false"
"575498","false"
"478404","false"
"545160","false"
"212340","false"
"683201","false"
"193524","false"
"597849","false"
"413542","false"
"681361","false"
"276071","true"
"725663","false"
"141051","false"
"611962","false"
"713586","false"
"486316","false"
"171330","false"
"172874","false"
"576108","false"
"726877","false"
"757518","false"
"142240","false"
"296293","false"
"342212","false"
"324095","false"
"773556","false"
"276659","false"
"141077","false"
"615252","false"
"113514","true"
"382259","false"
"393439","false"
"694653","false"
"775213","false"
"691436","false"
"713842","false"
"713313","false"
"734046","false"
"476309","false"
"672618","false"
"381293","false"
"713503","false"
"415349","false"
"615377","false"
"747477","false"
"382804","false"
"783423","false"
"726174","false"
"732206","false"
"747352","false"
"726190","false"
"734301","false"
"481226","false"
"212209","false"
"481234","false"
"584607","false"
"485136","false"
"181552","false"
"181016","false"
"595520","false"
"761684","false"
"775841","false"
"545350","false"
"742361","false"
"141101","false"
"645119","false"
"386656","false"
"576231","false"
"592675","false"
"297119","false"
"381814","false"
"141606","false"
"615138","false"
"271601","false"
"697318","false"
"116749","false"
"342113","false"
"545293","true"
"172114","false"
"184531","false"
"575043","false"
"213678","false"
"683706","false"
"682500","false"
"415646","false"
"444216","false"
"723387","false"
"721456","false"
"761106","false"
"726422","false"
"592683","false"
"286203","false"
"574236","false"
"718320","false"
"473819","false"
"756817","false"
"783456","false"
"611004","true"
"784744","false"
"411181","false"
"286542","false"
"713198","false"
"543074","false"
"571000","true"
"761163","false"
"575001","true"
"725846","false"
"746206","false"
"784264","false"
"286245","false"
"276501","false"
"696179","false"
"182717","false"
"473843","false"
"481747","false"
"721290","false"
"481283","false"
"571653","false"
"718403","false"
"725739","false"
"118158","false"
"313601","false"
"393314","true"
"281451","false"
"185314","false"
"182071","false"
"784660","false"
"276386","true"
"613877","false"
"576140","false"
"193615","false"
"571844","false"
"215483","false"
"171645","false"
"193714","false"
"476754","false"
"481838","false"
"144311","false"
"113696","true"
"592717","false"
"212415","false"
"286732","false"
"746149","false"
"286567","false"
"214783","false"
"396408","false"
"712026","false"
"592253","false"
"722231","false"
"184267","false"
"276097","false"
"471177","false"
"393652","false"
"473272","false"
"478149","false"
"473181","false"
"574541","false"
"755215","false"
"594572","false"
"144014","false"
"756783","false"
"271031","true"
"391102","true"
"784009","true"
"321745","false"
"473868","false"
"611343","false"
"192203","false"
"481184","false"
"645176","false"
"726158","false"
"783175","false"
"751842","false"
"481812","false"
"411215","false"
"575050","false"
"682542","false"
"491506","false"
"381475","false"
"473140","false"
"484352","false"
"543066","false"
"144055","false"
"116509","true"
"471524","false"
"734343","false"
"712679","false"
"192211","false"
"116731","false"
"478180","false"
"171710","false"
"444232","false"
"481820","false"
"713537","false"
"781161","false"
"271536","false"
"394221","false"
"592840","false"
"756338","false"
"713040","true"
"696484","false"
"734673","false"
"575126","false"
"276006","false"
"673202","true"
"697292","false"
"317065","false"
"271148","true"
"681601","false"
"722579","false"
"571422","false"
"214221","false"
"784843","false"
"396200","false"
"295774","false"
"713412","false"
"595280","false"
"764290","false"
"474015","false"
"142273","false"
"545525","false"
"276436","false"
"345009","true"
"592121","false"
"317503","false"
"681387","true"
"641241","false"
"696633","false"
"447649","false"
"722538","false"
"478552","false"
"448001","false"
"682211","false"
"444182","false"
"415620","false"
"753442","false"
"191395","false"
"741629","false"
"718304","false"
"193003","false"
"757500","false"
"485326","false"
"694869","false"
"271205","false"
"212258","false"
"491225","false"
"751420","false"
"171587","false"
"276196","false"
"286807","false"
"172130","false"
"763003","false"
"191643","false"
"575332","false"
"745497","false"
"287219","false"
"296459","false"
"718155","false"
"144410","false"
"317255","false"
"721324","false"
"276030","false"
"682450","false"
"276519","false"
"185348","false"
"611517","false"
"486126","false"
"471060","false"
"615112","false"
"353581","false"
"595702","false"
"783514","false"
"546226","false"
"611111","false"
"213256","false"
"396028","false"
"712182","false"
"342139","false"
"313486","false"
"645507","false"
"575167","false"
"696005","false"
"753582","false"
"681155","false"
"694182","false"
"751081","false"
"611194","false"
"683847","false"
"296095","false"
"342469","false"
"783282","false"
"317206","false"
"271882","false"
"615369","false"
"338590","false"
"718106","false"
"595538","false"
"545111","false"
"718866","false"
"491183","false"
"713131","false"
"723726","false"
"594275","false"
"722025","true"
"182667","false"
"721175","false"
"611558","false"
"592279","false"
"721001","false"
"745588","false"
"746412","false"
"581199","false"
"583823","false"
"611152","false"
"316406","false"
"396291","false"
"276493","false"
"471078","false"
"413724","false"
"478537","false"
"571273","false"
"781534","false"
"116087","false"
"747667","false"
"576363","false"
"761874","false"
"615773","false"
"773424","false"
"393611","false"
"478511","false"
"713735","false"
"671339","true"
"781575","false"
"576728","false"
"141390","false"
"381483","false"
"214130","false"
"393702","true"
"713560","false"
"594820","false"
"615542","false"
"574244","false"
"682005","true"
"592022","false"
"286005","true"
"611053","false"
"223263","true"
"214502","false"
"182345","false"
"584052","true"
"761247","false"
"381582","false"
"324335","false"
"193276","false"
"212167","false"
"184507","false"
"213454","false"
"182204","false"
"193540","false"
"213447","false"
"393561","false"
"718528","false"
"671172","false"
"757583","false"
"343400","false"
"316125","false"
"696161","false"
"615245","false"
"595124","false"
"328195","false"
"118000","true"
"784751","false"
"734715","false"
"592345","false"
"611590","false"
"615344","false"
"584722","false"
"396051","false"
"592824","false"
"415166","false"
"765354","false"
"276634","false"
"182378","false"
"286526","false"
"212175","false"
"747337","false"
"297150","false"
"641423","false"
"682112","false"
"582536","false"
"382481","false"
"281444","false"
"471169","false"
"761718","false"
"353599","false"
"396283","false"
"753681","false"
"574459","false"
"592055","false"
"723783","false"
"742320","false"
"721282","false"
"677120","false"
"747568","false"
"759316","false"
"491324","false"
"592287","false"
"673269","false"
"393520","false"
"592709","false"
"613893","false"
"382887","false"
"393215","false"
"747204","false"
"316422","false"
"313437","false"
"576165","false"
"297051","false"
"741108","false"
"761726","false"
"571216","true"
"393009","true"
"116079","false"
"775114","false"
"645440","false"
"597633","false"
"773531","false"
"584177","false"
"142232","false"
"722587","false"
"171611","false"
"192732","false"
"611327","false"
"393538","false"
"746727","false"
"594556","false"
"761007","false"
"571414","false"
"641357","false"
"381178","false"
"272054","false"
"743757","false"
"472605","false"
"191007","true"
"276741","false"
"746750","false"
"296442","false"
"721472","false"
"734475","false"
"586446","false"
"113712","true"
"184242","false"
"696203","false"
"746875","false"
"276535","false"
"192476","false"
"182352","false"
"476606","true"
"672386","false"
"213744","false"
"472639","false"
"645101","false"
"681809","false"
"773515","false"
"721332","false"
"272021","false"
"386649","false"
"723759","false"
"681304","true"
"581835","false"
"594655","false"
"594218","false"
"447219","false"
"401323","false"
"681403","false"
"718619","false"
"271577","false"
"116558","false"
"576454","false"
"214643","false"
"781104","true"
"592444","false"
"116095","false"
"613463","false"
"478545","false"
"784728","false"
"684274","false"
"672725","false"
"276758","false"
"734509","false"
"393553","false"
"192435","false"
"574319","false"
"276782","false"
"116020","true"
"192468","false"
"271585","false"
"345249","false"
"543009","true"
"743534","false"
"286583","false"
"381145","false"
